Condition,Thickness
Anneal temperature under vacuum 400 C,10.1
Anneal temperature under vacuum 400 C,9.8
Anneal temperature under vacuum 400 C,10.2
Anneal temperature under vacuum 450 C,10.9
Anneal temperature under vacuum 450 C,10.6
Anneal temperature under vacuum 450 C,11.0
Anneal temperature under vacuum 500 C,11.7
Anneal temperature under vacuum 500 C,11.4
Anneal temperature under vacuum 500 C,11.8
Anneal temperature under vacuum 550 C,12.5
Anneal temperature under vacuum 550 C,12.2
Anneal temperature under vacuum 550 C,12.6
Anneal temperature under vacuum 600 C,13.3
Anneal temperature under vacuum 600 C,13.0
Anneal temperature under vacuum 600 C,13.4
Anneal temperature under vacuum 650 C,14.1
Anneal temperature under vacuum 650 C,13.8
Anneal temperature under vacuum 650 C,14.2
