Time (s),Sample stage thermometer channel 0 (K),Sample stage thermometer channel 1 (K),Sample stage thermometer channel 2 (K),Sample stage thermometer channel 3 (K),Sample stage thermometer channel 4 (K),Sample stage thermometer channel 5 (K)
0,0.00,2.68,3.82,3.28,2.49,3.08
1,0.65,2.94,3.45,2.62,2.14,3.37
2,1.24,2.99,2.91,2.00,2.00,3.84
3,1.68,2.82,2.28,1.49,2.08,4.44
4,1.94,2.45,1.62,1.14,2.37,5.10
5,1.99,1.91,1.00,1.00,2.84,5.75
6,1.82,1.28,0.49,1.08,3.44,6.31
7,1.45,0.62,0.14,1.37,4.10,6.73
8,0.91,-0.00,0.00,1.84,4.75,6.97
9,0.28,-0.51,0.08,2.44,5.31,6.98
10,-0.38,-0.86,0.37,3.10,5.73,6.77
11,-1.00,-1.00,0.84,3.75,5.97,6.38
