Time (s),Sample stage thermometer channel 0 (K),Sample stage thermometer channel 1 (K),Sample stage thermometer channel 2 (K),Sample stage thermometer channel 3 (K),Sample stage thermometer channel 4 (K),Sample stage thermometer channel 5 (K),Sample stage thermometer channel 6 (K),Sample stage thermometer channel 7 (K),Sample stage thermometer channel 8 (K),Sample stage thermometer channel 9 (K)
0,0.00,2.68,3.82,3.28,2.49,3.08,5.44,8.31,9.98,9.82
1,0.65,2.94,3.45,2.62,2.14,3.37,6.10,8.73,9.77,9.18
2,1.24,2.99,2.91,2.00,2.00,3.84,6.75,8.97,9.38,8.52
3,1.68,2.82,2.28,1.49,2.08,4.44,7.31,8.98,8.82,7.91
4,1.94,2.45,1.62,1.14,2.37,5.10,7.73,8.77,8.18,7.42
5,1.99,1.91,1.00,1.00,2.84,5.75,7.97,8.38,7.52,7.11
6,1.82,1.28,0.49,1.08,3.44,6.31,7.98,7.82,6.91,7.00
7,1.45,0.62,0.14,1.37,4.10,6.73,7.77,7.18,6.42,7.11
8,0.91,-0.00,0.00,1.84,4.75,6.97,7.38,6.52,6.11,7.43
9,0.28,-0.51,0.08,2.44,5.31,6.98,6.82,5.91,6.00,7.93
10,-0.38,-0.86,0.37,3.10,5.73,6.77,6.18,5.42,6.11,8.54
11,-1.00,-1.00,0.84,3.75,5.97,6.38,5.52,5.11,6.43,9.20
